현아 베베 메이크업 HyunA_BABE Makeup Tutorial l 이사배(Risabae Makeup),https://youtu.be/43v8RSJ45YQ,15:13,718060,2017. 9. 19.,https://img.youtube.com/vi/43v8RSJ45YQ/0.jpg,,,,,,,,,,,,,,,
[Eng/Thai] 꽃집아가씨 분위기 메이크업 Florist Inspired Makeup l 이사배(Risabae Makeup),https://youtu.be/dLrhM-Dl8bQ,14:40,715432,2017. 8. 23.,https://img.youtube.com/vi/dLrhM-Dl8bQ/0.jpg,에스쁘아 프로 테일러 파운데이션 비 실크 [SPF34/PA++] 페탈 P,로라메르시에 시크릿 카뮤플라지 SC3(노랗거나 핑크 톤의 보통 피부톤), RMK 인지니어스크림&파우더 아이즈 02 베이지골,미샤 컬러빔 블러셔 라벤더 폴렌, 캔메이크 CANMAKE 매트플로어치크 01 코랄 애프리콧 Mat Fleur Cheeks #01,,,,,,,,,,
인어공주 애리얼 메이크업 ‘The Little Mermaid' Ariel Makeup Tutorial l 이사배(Risabae Makeup),https://youtu.be/wp75FVvgcdo,11:12,514795,2017. 8. 17.,https://img.youtube.com/vi/wp75FVvgcdo/0.jpg, 로라메르시에 laura mercier 미네랄 피니싱파우더 #,,,,,,,,,,,,,,
[바캉스 메이크업 Summer Vacation Makeup Tutorial] l 이사배(Risabae Makeup),https://youtu.be/wzHczMiCmXs,15:33,368071,2017. 8. 14.,https://img.youtube.com/vi/wzHczMiCmXs/0.jpg,클리오 킬커버 프로 아티스트 리퀴드 컨실러 03리넨,로라메르시에 시크릿 카뮤플라지 SC3(노랗거나 핑크 톤의 보통 피부톤),로라메르시에 캔들 글로우 파운데이션 creme,라로슈포제 세범 컨트롤 토닝 미스트 세로징크 ,닥터자르트 더메이크업 비비 메이트 컨투어 - 쉐이딩(브론징) ,삐아 라스트 블러쉬 - 쉐딩 08 피넛 블로썸,캔메이크 (CANMAKE) 퀵 이지 아이라이너 01 딥블랙,조르지오아르마니 립 마그넷 400,,,,,,,
쥬얼리 화보st 메이크업 Jewelry Magazine st. Makeup l 이사배(Risabae Makeup),https://youtu.be/AOTqcCQ1dlQ,11:39,359067,2017. 8. 8.,https://img.youtube.com/vi/AOTqcCQ1dlQ/0.jpg,,,,,,,,,,,,,,,
[Eng/Thai] 동양미 메이크업 Asian Beauty makeup l 이사배(Risabae Makeup),https://youtu.be/78QvLYrOBNs,8:30,953971,2017. 8. 3.,https://img.youtube.com/vi/78QvLYrOBNs/0.jpg,더페이스샵 잉크래스팅 파운데이션 슬림핏 [SPF30/PA++] N201 애프리콧 베이지,맥 (MAC) 스튜디오 컨실러 앤 코렉트 팔레트 라이트,맥 (MAC) 그레이트 브로우 스파이크드,클리오 (CLIO) 프로 싱글 섀도우 스킨,맥 (MAC) 그레이트 브로우 링거링,이글립스 애플핏 블러셔 04 탠저린코랄,릴리바이레드 스태리아이즈 나인투나인 06 매트블,슈에무라 루즈 언리미티드 슈프림 마뜨 RD14,맥 (MAC) 립글라스 러시안 레드,,,,,,
[MAC X 이사배] 맥 선키스드 메이크업 Sunkissed Makeup l 이사배(Risabae Makeup),https://youtu.be/fEegFucMCZw,16:10,462795,2017. 8. 1.,https://img.youtube.com/vi/fEegFucMCZw/0.jpg,맥 (MAC) 스튜디오 픽스 플루이드 파운데이션 발란싱 콤플렉스 [SPF15/PA++] NC30,맥프로 컨실 앤 코렉트 팔레트 라이트/미디움 ,맥 (MAC) 캐주얼 컬러 ,맥 (MAC) 미네랄라이즈 스킨피니쉬 ,브론징파우더맥리파인드 골든 브론징파우,맥 (MAC) 브론징 파우더 리파인드 골든,브로우 맥그레이트 브로우 링거링 GREAT BROWS LINGERIN,맥 프로롱웨어 워터프루프 브로우 세트 브라운 에보,맥 (MAC) 빅 브로우 펜슬 플링,BROW SCULPT BROW PENCIL FLING+맥그레이트 브로우 링거링 GREAT BROWS LINGERING,맥 (MAC) 엑스트라 디멘션 스킨피니쉬 DoubleGleam,맥 (MAC) 롤러휠 리퀴드 라이너 롤러휠 브라운,맥 (MAC) 캐주얼 컬러 ,,
[Eng/Thai] 레전드 증명사진 메이크업 Makeup for your ID card picture l 이사배(Risabae Makeup),https://youtu.be/SeKUiL_HEtw,16:40,2282749,2017. 7. 21.,https://img.youtube.com/vi/SeKUiL_HEtw/0.jpg,더페이스샵 잉크래스팅 파운데이션 슬림핏 [SPF30/PA++] N203 내추럴 베이지,꾸셀 펜슬 컨실러 ,홀리카홀리카 원더드로잉 스키니 아이브로우 01 애쉬블랙 02 다크브라운 03 라이트브라운 04 레드브라운,라네즈 아이디얼 섀도우 쿼드 2호 카페 솔로,릴리바이레드 (lilybyred) 스태리 아이즈 나인투나인 젤 아이라이너 06 매트블랙,삐아 라스트 펜 아이라이너 초코 브라운,,,,,,,,,
[ENG] 매일 5분! 완벽 쉐이딩하기! l 이사배(Risabae Makeup),https://youtu.be/qH5mTT2aEdA,6:17,551658,2017. 7. 17.,https://img.youtube.com/vi/qH5mTT2aEdA/0.jpg,,,,,,,,,,,,,,,
[Eng] 백투베이직 쉐딩편 -나에게 맞는 쉐딩찾기- l 이사배(Risabae Makeup),https://youtu.be/pNIzVFvCNe4,19:26,1294842,2017. 7. 14.,https://img.youtube.com/vi/pNIzVFvCNe4/0.jpg,,,,,,,,,,,,,,,
[Eng/ Thai] 여름장마철 뽀송데일리메이크업 Summer Daily Makeup for Rainy Days l 이사배(Risabae Makeup),https://youtu.be/IAB956UvnTQ,17:48,875745,2017. 7. 11.,https://img.youtube.com/vi/IAB956UvnTQ/0.jpg,,,,,,,,,,,,,,,
[GRWM] 겟레디윗미 + 여행 롱웨어 메이크업 팁 l 이사배(Risabae Makeup),https://youtu.be/tllkYP517Vk,28:13:00,885976,2017. 6. 8.,https://img.youtube.com/vi/tllkYP517Vk/0.jpg,,,,,,,,,,,,,,,
[Eng/Thai] 파리에서 했던 메이크업 Makeup in Paris l 이사배(Risabae Makeup),https://youtu.be/UHLNb0nNtCY,18:26,687267,2017. 6. 2.,https://img.youtube.com/vi/UHLNb0nNtCY/0.jpg,인텐시브 스킨 세럼 코렉터 10 라이트피,메이크업포에버 (MAKE UP FOR EVER) 울트라 HD 프레스드 파우더 ,,,,,,,,,,,,,
[Eng/Thai/Jpn] 세포라에서 산 제품으로 메이크업 SEPHORA Cosmetic Items l 이사배 (RISABAE Makeup),https://youtu.be/HQHlz87833o,12:16,318138,2017. 5. 19.,https://img.youtube.com/vi/HQHlz87833o/0.jpg,릴리바이레드 (lilybyred) 스태리 아이즈 슬림 아이라이너 02 매트브라운,,,,,,,,,,,,,,
청순 데일리메이크업 Daily Makeupl 이사배(Risabae Makeup),https://youtu.be/2ts-0xfNsag,15:29,867759,2017. 5. 12.,https://img.youtube.com/vi/2ts-0xfNsag/0.jpg,인스턴트 스킨 인핸서 브라이트,,,,,,,,,,,,,,
[Eng/Thai] 딸기 메이크업 STRAWBERRY MAKE UP l 이사배(Risabae Makeup),https://youtu.be/ZPRZYJZUygU,13:04,508780,2017. 5. 2.,https://img.youtube.com/vi/ZPRZYJZUygU/0.jpg,,,,,,,,,,,,,,,
[Eng/Thai] 캐주얼 스트릿 데일리 메이크업 Casual Street Daily Makeup Tutorial l 이사배(Risabae Makeup),https://youtu.be/hZub-fvbfxI,13:20,1493997,2017. 4. 21.,https://img.youtube.com/vi/hZub-fvbfxI/0.jpg,로라메르시에 시크릿 카뮤플라지 SC3(노랗거나 핑크 톤의 보통 피부톤),메이크업포에버 (MAKE UP FOR EVER) 울트라 HD 프레스드 파우더 ,,,,,,,,,,,,,
봄 벚꽃 [유튜브편집본] l 이사배(Risabae Makeup),https://youtu.be/p1ZFjzH_sY4,15:36,1141491,2017. 4. 18.,https://img.youtube.com/vi/p1ZFjzH_sY4/0.jpg,,,,,,,,,,,,,,,
[Eng/Thai] 왕간단 기본메이크업 l 이사배(Risabae Makeup),https://youtu.be/pmRrTQwvMwc,15:03,2394033,2017. 4. 4.,https://img.youtube.com/vi/pmRrTQwvMwc/0.jpg,로라메르시에 시크릿 카뮤플라지 SC3(노랗거나 핑크 톤의 보통 피부톤),메이크업포에버 (MAKE UP FOR EVER) 울트라 HD 프레스드 파우더 ,번째립맥카인더섹시 + 토,,,,,,,,,,,,
[Eng/Thai] 흑장미 메이크업 Dark Rose Makeup Tutorial l 이사배(Risabae Makeup),https://youtu.be/yqcdurX8Vnk,12:40,473021,2017. 3. 31.,https://img.youtube.com/vi/yqcdurX8Vnk/0.jpg,메이크업포에버 (MAKE UP FOR EVER) 울트라 HD 스틱 파운데이션 ,로라메르시에 시크릿 카뮤플라지 SC3(노랗거나 핑크 톤의 보통 피부톤),메이크업포에버 (MAKE UP FOR EVER) 울트라 HD 프레스드 파우더 ,,,,,,,,,,,,
[Eng/Thai] 그리너리 페어리 메이크업 Greenery Fairy Makeup Tutorial l 이사배(Risabae Makeup),https://youtu.be/p-va3brbSp0,12:16,343920,2017. 3. 22.,https://img.youtube.com/vi/p-va3brbSp0/0.jpg,네이처리퍼블릭 보테니컬 케익 아이브로우 1호 카키그레이, 더밤 the Bal,,,,,,,,,,,,,
[Eng/Thai] 봄 진달래메이크업 (눈 2배 키우기!) l 이사배(Risabae Makeup),https://youtu.be/VEbfBG0T9Yo,15:48,1068954,2017. 3. 20.,https://img.youtube.com/vi/VEbfBG0T9Yo/0.jpg,미샤 컬러빔 쉐이더 BR02,Couture touch on your lips Fluid Witching Hour# 블러셔더밤 theBal,,,,,,,,,,,,,
[Eng/Thai/Portuguese] 개강여신 메이크업 선배미뿜뿜! l 이사배(Risabae Makeup),https://youtu.be/jIizJ48yoV0,15:27,777958,2017. 3. 10.,https://img.youtube.com/vi/jIizJ48yoV0/0.jpg,,,,,,,,,,,,,,,
[Eng/Thai] 자체뽀샵! 데일리 메이크업 l 이사배(Risabae Makeup),https://youtu.be/5fokpSN8-a4,17:15,596050,2017. 2. 24.,https://img.youtube.com/vi/5fokpSN8-a4/0.jpg, 지방시 르 프리즘 블러쉬 2, 정샘물 리파이닝 아이섀도우 더블 네이키드샌드, 프로에잇청담 젤 아이라이너 브라운,헤라 (HERA) 내추럴 아이브라우 팩트 , 어퓨 트루 매트 립스틱 CR02 라일,삐아 라스트 블러쉬 - 블러셔 01 체리블로썸, 지방시 르 프리즘 블러쉬 2,,,,,,,,
[Eng/Thai] 귤말량이 데일리 메이크업 Tangerine Daily Makeup l 이사배(Risabae Makeup),https://youtu.be/8ejiC9Tjl0o,12:36,904499,2017. 2. 7.,https://img.youtube.com/vi/8ejiC9Tjl0o/0.jpg,,,,,,,,,,,,,,,
[Eng/Thai] Cut Crease Makeup Tutorial 컷 크리즈 메이크업 l 이사배(Risabae Makeup) Korean Beauty Creator,https://youtu.be/0Nr4MPScgFQ,12:44,729526,2017. 1. 13.,https://img.youtube.com/vi/0Nr4MPScgFQ/0.jpg,,,,,,,,,,,,,,,
[Eng/Chn/Thai] How To Look Younger makeup 동안(12월 32일) 메이크업 l 이사배(Risabae Makeup),https://youtu.be/MRtjX4Was1Q,14:29,754658,2017. 1. 6.,https://img.youtube.com/vi/MRtjX4Was1Q/0.jpg,로라메르시에 시크릿 카뮤플라지 SC3(노랗거나 핑크 톤의 보통 피부톤),,,,,,,,,,,,,,
[Eng/Spn] 인스타 데일리 메이크업 INSTAGRAM Daily Makeup Tutorial l 이사배(Risabae Makeup),https://youtu.be/jcIU6rmoPK8,14:07,1009918,2017. 1. 3.,https://img.youtube.com/vi/jcIU6rmoPK8/0.jpg,슈에무라 하드 포뮬라 씰 브라운,,,,,,,,,,,,,,
[ENG] Rudolph Inspired Art Makeup Tutorial 루돌프 아트 메이크업 l 이사배(Risabae Makeup),https://youtu.be/MRDXCs9Ss4I,14:55,408946,2016. 12. 22.,https://img.youtube.com/vi/MRDXCs9Ss4I/0.jpg,,,,,,,,,,,,,,,
[ENG] Holiday Lovely makeup Tutorial 연말 반짝 러블리 메이크업 l 이사배(Risabae Makeup),https://youtu.be/757qnb-NX3Y,14:26,974080,2016. 12. 20.,https://img.youtube.com/vi/757qnb-NX3Y/0.jpg,메이크업포에버 (MAKE UP FOR EVER) 다이아몬드 파우더 1 화이트,삐아 라스트 펜 아이라이너 초코 브라운,슈에무라 하드 포뮬라 씰 브라운,에스쁘아 루드시크 립스틱 노웨어 M ,,,,,,,,,,,
[Eng] Beginner Makeup Tutorial (pouch diet) 왕초보 올로드샵 메이크업 다이어트! l 이사배(Risabae Makeup),https://youtu.be/_IFIgb-kNew,24:33:00,1230951,2016. 12. 12.,https://img.youtube.com/vi/_IFIgb-kNew/0.jpg,더 밤 올마이,페리페라 (peripera) 비비드 틴트 워터 달콤 사과,에뛰드하우스 룩 앳 마이 아이즈 [카페] BR406 진저 밀크티,에뛰드하우스 룩 앳 마이 아이즈 [쥬얼] BE105 트윙클 윙크,,,,,,,,,,,
팝 홀리데이 메이크업 Pop Holiday Makeup(With. looks) l 이사배(Risabae Makeup),https://youtu.be/omEIBqLkeRw,13:23,432407,2016. 12. 8.,https://img.youtube.com/vi/omEIBqLkeRw/0.jpg, 로라메르시에 laura mercier 미네랄 피니싱 파우더 ,,,,,,,,,,,,,,
[Eng] 왕초보 기본템 데일리 메이크업! l 이사배(Risabae Makeup),https://youtu.be/TSjVsxsQTes,21:52,4900225,2016. 12. 2.,https://img.youtube.com/vi/TSjVsxsQTes/0.jpg,한스킨 수퍼 라이트 터치 비비 쿠션 21호,클리오 킬커버 프로 아티스트 스틱 컨실러 3호,미샤 컬러빔 쉐이더 BR02,더페이스샵 러블리 믹스 디자인 마이 아이브로우 02 다크 브라운,페어리드롭스 (FAIRYDROPS) 플래티넘 스태리 아이즈 컨투어링 3호 헤이즐베이지,미샤 컬러빔 쉐이더 BR02, 베네피트 하이브로우 글로우,에스쁘아 컬러페인팅 워터프루프 아이 펜슬 초코 청크,,,,,,,
여리여리 발그레 메이크업 (With. Looks) l 이사배(Risabae Makeup),https://youtu.be/BukOZzrjFk0,11:57,287481,2016. 11. 30.,https://img.youtube.com/vi/BukOZzrjFk0/0.jpg,입생로랑 유스 리버레이터 세럼 파운데이션 [SPF20/PA++] BR-20,로라메르시에 시크릿 카뮤플라지 SC3(노랗거나 핑크 톤의 보통 피부톤),삐아 다우니 치크 03 다우니 애프리콧,스킨푸드 생과일 립 앤 치크 세가지맛 방울토마토,바닐라코 프라임 프라이머 피니쉬 블러 팩트 BLENDING,삐아 라스트 오토 젤 아이라이너 L3로즈코코,삐아 라스트 펜 아이라이너 초코 브라운,슈에무라 하드 포뮬라 씰 브라운,베네피트 (benefit) 김미 브로우 3 미디움,페리페라 (peripera) 페리스 잉크 더 벨벳 8청순포텐,손앤박 투웨이 립 초크 브릭,삐아 라스트 펜 아이라이너 초코 브라운,,,
[Eng] 이목구비 자기주장 메이크업! l 이사배(Risabae Makeup),https://youtu.be/6Sjj65dtFz8,11:22,1464945,2016. 11. 26.,https://img.youtube.com/vi/6Sjj65dtFz8/0.jpg,입생로랑 유스 리버레이터 세럼 파운데이션 [SPF20/PA++] BR-20, 맥 코르크 + 마크제이콥스 뷰티 스타일 아이콘 ,베네피트 (benefit) 김미 브로우 3 미디움,미샤 컬러빔 블러셔 애플칙,,,,,,,,,,,
걸 크러쉬 메이크업 (with. Looks) l 이사배(Risabae Makeup),https://youtu.be/aQobi6iMHtA,12:35,390704,2016. 11. 25.,https://img.youtube.com/vi/aQobi6iMHtA/0.jpg,문샷 파우더 픽서 ,삐아 플러시 섀도우 05 골덴,에스쁘아 꾸뛰르 립 플루이드 벨벳 ,,,,,,,,,,,,
이선빈 st 데일리 메이크업 l 이사배(Risabae Makeup),https://youtu.be/Lc_KaUhLpuY,13:21,420412,2016. 11. 23.,https://img.youtube.com/vi/Lc_KaUhLpuY/0.jpg,조르지오아르마니 디자이너 리프트 파운데이션 [SPF20/PA+++] #2 핑크 베이스,닥터자르트 더메이크업 비비 메이트 컨투어 - 쉐이딩(브론징) ,로라메르시에 시크릿 카뮤플라지 SC3(노랗거나 핑크 톤의 보통 피부톤), 로라메르시에 미네랄 피니싱 파우더 ,이글립스 애플핏 블러셔 04 탠저린코랄,삐아 라스트 오토 젤 아이라이너 02멜로브라운,,,,,,,,,
걸그룹의 정석 메이크업 (with. 룩스) l 이사배(Risabae Makeup),https://youtu.be/7CWrBiTcBYQ,14:52,1090679,2016. 11. 17.,https://img.youtube.com/vi/7CWrBiTcBYQ/0.jpg,조르지오아르마니 디자이너 리프트 파운데이션 [SPF20/PA+++] #2 핑크 베이스, 로라메르시에 미네랄 피니싱 파우더 , 베네피트 하이브로우, 프로에잇청담 젤 아이라이너 브라운,삐아 라스트 펜 아이라이너 초코 브라운,슈에무라 하드 포뮬라 아콘,,,,,,,,,
무쌍+동그란얼굴 메이크오버 (쁘띠튜닝라이브 2회) l 이사배(Risabae Makeup),https://youtu.be/lx9myS9P3Fc,24:30:00,1833764,2016. 11. 5.,https://img.youtube.com/vi/lx9myS9P3Fc/0.jpg,,,,,,,,,,,,,,,
데일리 메이크업 ~ l 이사배(Risabae Makeup),https://youtu.be/zRfSYDLZMPk,13:22,858875,2016. 11. 4.,https://img.youtube.com/vi/zRfSYDLZMPk/0.jpg,엘리자베스아덴 에잇아워 크림 프래그런스 프리 ,꾸셀 비체밤 비비크림 ,로라메르시에 시크릿 카뮤플라지 SC3(노랗거나 핑크 톤의 보통 피부톤),스틸라 아쿠아 글로우 워터컬러 블러쉬 쉬머링워터,밀라니 로즈 파우더 블러쉬 , 로라메르시에 미네랄 피니싱 파우더 ,"아리따움 샤인픽스 아이즈 22.시나몬로즈
25.뱀파이어키스", 베네피트 하이브로우 글로우 (언더,메이블린 뉴욕 (MAYBELLINE NEWYORK) 패션브로우 3D 브로우 팔레트 라이트브라운,슈에무라 하드 포뮬라 아콘,베네피트 (benefit) 김미 브로우 3 미디움,,,,
늦잠자서 8분 걸렸던 메이크업~ l 이사배(Risabae Makeup),https://youtu.be/KA-8CC4KbX0,13:38,876617,2016. 10. 19.,https://img.youtube.com/vi/KA-8CC4KbX0/0.jpg,로라메르시에 시크릿 카뮤플라지 SC3(노랗거나 핑크 톤의 보통 피부톤),입생로랑 르 쿠션 엉크르 드 뽀 [SPF23/PA++] B20,바닐라코 프라임 프라이머 피니쉬 블러 팩트 BLENDING,슈에무라 하드 포뮬라 아콘, 베네피트 김미브로우 미디움딥,,,,,,,,,,
김희정st 스트릿 데일리메이크업! l 이사배(Risabae Makeup),https://youtu.be/G6CSS13Iadg,13:46,1385782,2016. 10. 14.,https://img.youtube.com/vi/G6CSS13Iadg/0.jpg,로라메르시에 시크릿 카뮤플라지 SC3(노랗거나 핑크 톤의 보통 피부톤),로라메르시에 시크릿 카뮤플라지 SC3(노랗거나 핑크 톤의 보통 피부톤), 문샷 파우더픽서 20,마몽드 (Mamonde) 내추럴 우드펜슬 아이브로우 03호 그레이, 베네피트 하이브로우 글로우,삐아 라스트 펜 아이라이너 초코 브라운,,,,,,,,,
버건디립 포인트 데일리 메이크업! l 이사배(Risabae Makeup),https://youtu.be/nMw23y7y8qc,13:52,467660,2016. 10. 10.,https://img.youtube.com/vi/nMw23y7y8qc/0.jpg,입생로랑 유스 리버레이터 세럼 파운데이션 [SPF20/PA++] BR-20, 맥 프로롱웨어 컨실러 NC20(얼굴중앙,로라메르시에 시크릿 카뮤플라지 SC3(노랗거나 핑크 톤의 보통 피부톤),닥터자르트 더메이크업 비비 메이트 컨투어 - 쉐이딩(브론징) ,케빈어코인 더 셀레스철 하이라이팅 파우더 , 에스쁘아 퍼펙트 오일컨트롤 프레스드 파우더,케빈어코인 더 셀레스철 하이라이팅 파우더 , 베네피트 하이브로우 글로우,삐아 라스트 오토 젤 아이라이너 슬림 S2 느와르 S, 어퓨 아이디파인 펜라이너 비비드블랙(모내기,케빈어코인 더 셀레스철 하이라이팅 파우더 ,슈에무라 하드 포뮬라 아콘,맥 (MAC) 립텐시티 립스틱 토스트 앤 버터,,
[Eng] 인스타 셀카 데일리 메이크업 + 똥머리 묶는법! l 이사배(Risabae Makeup),https://youtu.be/Z7Z2NzAZRvg,18:11,1264517,2016. 10. 7.,https://img.youtube.com/vi/Z7Z2NzAZRvg/0.jpg,로라메르시에 시크릿 카뮤플라지 SC3(노랗거나 핑크 톤의 보통 피부톤),입생로랑 유스 리버레이터 세럼 파운데이션 [SPF20/PA++] BR-20, 클리오 킬커버 란제리,케빈어코인 더 셀레스철 하이라이팅 파우더 , 에스쁘아 퍼펙트 오일컨트롤 프레스드 파우더,슈에무라 하드 포뮬라 아콘,"마몽드 (Mamonde) 비비드 터치 아이즈 [쉬머]
14 휴가코랄",삐아 라스트 펜 아이라이너 초코 브라운, 클리오 버진키스 틴티드립 핑크리셔스,,,,,,
실패없는 데일리메이크업 (with.리얼테크닉) l 이사배(Risabae Makeup),https://youtu.be/l0XwJCKUeMw,20:39,1887395,2016. 9. 30.,https://img.youtube.com/vi/l0XwJCKUeMw/0.jpg,입생로랑 올아워 쿠션 파운데이션 [SPF50/PA+++] #20, 에스쁘아 퍼펙트 오일 컨트롤 프레스드 파우더, 프로에잇청담 젤아이라이너 브라운,삐아 라스트 펜 아이라이너 초코 브라운,슈에무라 하드 포뮬라 아콘,나스 (NARS) 벨벳 매트 립 펜슬 볼레로,미샤 듀이 루즈 허니 애플,,,,,,,,
Back to school makeup 학생때 더 예뻐 보이는 메이크업! l 이사배(Risabae Makeup),https://youtu.be/sSvbPfRFe-A,18:14,1499393,2016. 9. 2.,https://img.youtube.com/vi/sSvbPfRFe-A/0.jpg,페리페라 블러팡 퓨어밀크블러 ,스킨푸드 연어 다크서클 컨실러 크림 2호 살몬 베이지,아리따움 풀커버 스틱 컨실러 02 내추럴베이지,아리따움 매직 컨투어링 파우더 탠 브라운,아리따움 매직 컨투어링 파우더 탠 브라운,마몽드 (Mamonde) 내추럴 우드펜슬 아이브로우 03호 그레이,아리따움 매직 컨투어링 파우더 탠 브라운,마몽드 (Mamonde) 내추럴 우드펜슬 아이브로우 03호 그레이,마몽드 (Mamonde) 내추럴 우드펜슬 아이브로우 03호 그레이, 에뛰드하우스 오마이래쉬 쌩얼카라 ,,,,,
Early Fall daily make up 활용도높은 초가을 데일리 음영메이크업! l 이사배(Risabae Makeup),https://youtu.be/CSfyQ9rKhmg,14:09,746608,2016. 8. 31.,https://img.youtube.com/vi/CSfyQ9rKhmg/0.jpg, 빌리프 더 밤 올마이티,맥 (MAC) 프로 롱웨어 컨실러 NC20,슈에무라 하드 포뮬라 아콘,,,,,,,,,,,,
요청폭주 데일리메이크업(feat.렌즈) l 이사배(Risabae Makeup),https://youtu.be/ff2NgCSY0Z0,12:07,410820,2016. 8. 12.,https://img.youtube.com/vi/ff2NgCSY0Z0/0.jpg,맥 (MAC) 프로 롱웨어 컨실러 NC20,로라메르시에 시크릿 카뮤플라지 SC3(노랗거나 핑크 톤의 보통 피부톤),바닐라코 프라임 프라이머 피니쉬 블러 팩트 BLENDING,스틸라 퍼펙트 아이&치크 팔레트 미디움,삐아 글리터 아이라이너 02 풀문,웨이크메이크 (WAKEMAKE) 철벽 아이라이너 02 펜 브라운,슈에무라 하드 포뮬라 씰 브라운,캔메이크 (CANMAKE) 아이 뉘앙스 NO.11 민크 그린,,,,,,,
에스닉 데일리메이크업 Ethnic Silver brown daily makeupl 이사배(Risabae Makeup),https://youtu.be/Rb05Wpi7Ikk,12:59,126894,2016. 7. 29.,https://img.youtube.com/vi/Rb05Wpi7Ikk/0.jpg,조르지오아르마니 디자이너 리프트 파운데이션 [SPF20/PA+++] #2 핑크 베이스, 맥 프로롱웨어 컨실러 NC20 (피카소 Proof Silver 0, 에스쁘아 퍼펙트 오일 컨트롤 프레스드 파우더,"더바디샵 쉬머 큐브 아이섀도우 팔래트 06 : 초콜릿 박스
30: 스프링 브론즈", 삐아 피그먼트 일광(언더에,웨이크메이크 이지펜 아이라이너 브라운, 슈에무라 하드포뮬라 아콘,베네피트 (benefit) 단델리온 ,,,,,,,
처피뱅 데일리 메이크업 (Choppy bang Daily makeup) l 이사배(Risabae Makeup),https://youtu.be/ZooO1PEXZ6o,12:01,382826,2016. 7. 22.,https://img.youtube.com/vi/ZooO1PEXZ6o/0.jpg,로라메르시에 시크릿 카뮤플라지 SC3(노랗거나 핑크 톤의 보통 피부톤), 에스쁘아 퍼펙트 오일 컨트롤 프레스드 파우더,웨이크메이크 이지펜 아이라이너 브라운, 토니모리 쉬어매트립 펜슬 코랄펌킨,,,,,,,,,,,
과즙상 데일리 메이크업 l 이사배(Risabae Makeup),https://youtu.be/Hr64eDGt5hA,14:16,471977,2016. 7. 4.,https://img.youtube.com/vi/Hr64eDGt5hA/0.jpg, VDL 컬러코렉팅 프라이머 세레니티 (에스쁘아 스키니 픽스 블렌더,조르지오아르마니 디자이너 리프트 파운데이션 [SPF20/PA+++] #2 핑크 베이스, 베네피트 하이브로우,클리오 킬커버 리퀴드 컨실러 002 란제리, 미쯔요시 그리스페인트 컨실러 2,로라메르시에 시크릿 카뮤플라지 SC3(노랗거나 핑크 톤의 보통 피부톤),베네피트 (benefit) 헬로 플로리스 [SPF15] 아이보리,바닐라코 프라임 프라이머 피니쉬 블러 팩트 BLENDING, 투페이스드 피치파레트(에서 펄브라운,삐아 다우니 치크 05 다우니 코랄,삐아 다우니 치크 05 다우니 코랄,페리페라 (peripera) 페리스 잉크 더 벨벳 2심쿵유발, 맥 립글라스 클리어 (투명 립글로즈,,
흰티에 청바지 데일리메이크업! l 이사배(Risabae Makeup),https://youtu.be/O9fkLAwmjVc,10:27,852848,2016. 6. 23.,https://img.youtube.com/vi/O9fkLAwmjVc/0.jpg,맥 (MAC) 프로 롱웨어 컨실러 NC20,로라메르시에 시크릿 카뮤플라지 SC3(노랗거나 핑크 톤의 보통 피부톤),베네피트 (benefit) 헬로 플로리스 [SPF15] ,미샤 컬러빔 쉐이더 BE01, 베네피트 하이브로우 글로우,"삐아 라스트 오토 젤 아이라이너 R4 로즈번
W1그레이스브라운",슈에무라 하드 포뮬라 씰 브라운,네이처리퍼블릭 보테니컬 케익 아이브로우 다크브라운,"삐아 라스트 오토 젤 아이라이너 R4 로즈번
W1그레이스브라운",,,,,,
건강해 보이는 헬씨 l 이사배(Risabae Makeup),https://youtu.be/XiD1lxr0cOo,13:36,172353,2016. 6. 17.,https://img.youtube.com/vi/XiD1lxr0cOo/0.jpg,조르지오아르마니 디자이너 리프트 파운데이션 [SPF20/PA+++] #2 핑크 베이스,맥 (MAC) 프로 롱웨어 컨실러 NC20, 에스쁘아 퍼펙트오일컨트롤 프레스드파우더, 에스쁘아 브론즈페인팅 쥬얼샌드, 슈에무라 하드포뮬라 아콘, 웨이크메이크 펜아이라이너 브라운(모내기용,,,,,,,,,
안경 데일리메이크업 + 일반데일리 l 이사배(Risabae Makeup),https://youtu.be/VDoAz0j0Y9w,14:59,321050,2016. 6. 10.,https://img.youtube.com/vi/VDoAz0j0Y9w/0.jpg,조르지오아르마니 디자이너 리프트 파운데이션 [SPF20/PA+++] #2 핑크 베이스,호+ 맥 프로롱웨어 컨실러 NC20,로라메르시에 시크릿 카뮤플라지 SC3(노랗거나 핑크 톤의 보통 피부톤),투쿨포스쿨 퍼펙트데이 메이크업 픽서 ,바닐라코 프라임 프라이머 피니쉬 파우더 , 슈에무라 하드포뮬라 아콘, 웨이크메이크 펜아이라이너(모내기용,,,,,,,,
요즘 자주하는 데일리메이크업~ l 이사배(Risabae Makeup),https://youtu.be/sKoLcjE5K0A,15:24,188914,2016. 6. 2.,https://img.youtube.com/vi/sKoLcjE5K0A/0.jpg,조르지오아르마니 디자이너 리프트 파운데이션 [SPF20/PA+++] #2 핑크 베이스,맥 (MAC) 프로 롱웨어 컨실러 NC20, 맥 스튜디오 컨실 앤 코렉트 듀오 (레몬 컬러로 하이라이트,로라메르시에 시크릿 카뮤플라지 SC3(노랗거나 핑크 톤의 보통 피부톤), 에스쁘아 퍼펙트 오일 컨트롤 프레스드 파우더,스틸라 퍼펙트 아이&치크 팔레트 페어,스틸라 퍼펙트 아이&치크 팔레트 페어,,,,,,,,
비 오는날 메이크업 (Rainy day weather makeup) l 이사배(Risabae Makeup),https://youtu.be/9hWGSwK77YQ,8:47,230228,2016. 5. 19.,https://img.youtube.com/vi/9hWGSwK77YQ/0.jpg,조르지오아르마니 디자이너 리프트 파운데이션 [SPF20/PA+++] #2 핑크 베이스,로라메르시에 시크릿 카뮤플라지 SC3(노랗거나 핑크 톤의 보통 피부톤),에스쁘아 페이스 프라임 롱웨어 픽스 미스트 , 에스쁘아 퍼펙트 오일 컨트롤 프레스드 파우더,스킨푸드 생과일 립 앤 치크 세가지맛 딸기,"아리따움 샤인픽스 아이즈 22.시나몬로즈
25.뱀파이어키스", 에스쁘아 퍼펙트 오일 컨트롤 프레스드 파우더, 클리오 킬블랙 워터프루프 펜라이너(점막, 슈에무라 하드포뮬라 아콘, 에뛰드하우스 청순거짓 브로우픽서, 베네피트 베네틴트,스킨푸드 비타 컬러 립스틱(매트) 베이킹 체리레드,,,
네츄럴 누디 데일리메이크업 (Natural Nudy make up) l 이사배(Risabae Makeup),https://youtu.be/8F9-X1890QE,8:17,286317,2016. 5. 13.,https://img.youtube.com/vi/8F9-X1890QE/0.jpg,조르지오아르마니 디자이너 리프트 파운데이션 [SPF20/PA+++] #2 핑크 베이스,클리오 킬커버 리퀴드 컨실러 002 란제리,로라메르시에 시크릿 카뮤플라지 SC3(노랗거나 핑크 톤의 보통 피부톤),베네피트 (benefit) 헬로 플로리스 [SPF15] 아이보리, 에스쁘아 퍼펙트 오일 컨트롤 프레스드 파우더# 블러셔,슈에무라 하드 포뮬라 아콘, 에보니펜슬,,,,,,,,
퇴폐미 데일리 메이크업.. l 이사배(Risabae Makeup),https://youtu.be/VtSleWX7HpQ,14:32,346791,2016. 4. 29.,https://img.youtube.com/vi/VtSleWX7HpQ/0.jpg,바닐라코 커버10 퍼펙트 파운데이션 [SPF30/PA++] ,로라메르시에 시크릿 카뮤플라지 SC3(노랗거나 핑크 톤의 보통 피부톤),바닐라코 프라임 프라이머 피니쉬 블러 팩트 BLENDING, 슈에무라 하드포뮬라 아콘,,,,,,,,,,,
단발 데일리 메이크업! l 이사배(Risabae Makeup),https://youtu.be/vRKA9dWor6I,14:03,485741,2016. 4. 14.,https://img.youtube.com/vi/vRKA9dWor6I/0.jpg,바닐라코 커버10 리얼 스테이 파운데이션 BP 15,로라메르시에 시크릿 카뮤플라지 SC3(노랗거나 핑크 톤의 보통 피부톤), 에스쁘아 퍼펙트 오일컨트롤 파우더, 문샷 파우더 픽서 20, 프로에잇청담 젤아이라이너(브라운, 슈에무라 하드포뮬라 씰브라운, 웨이크메이크 붓펜 아이라이너 브라운(모내기용,웨이크메이크 (WAKEMAKE) 립스티커 만다린,,,,,,,
결혼식 하객 메이크업! l 이사배(Risabae Makeup),https://youtu.be/c2hxXFzJYcY,13:58,877445,2016. 4. 13.,https://img.youtube.com/vi/c2hxXFzJYcY/0.jpg, 헤라 바이탈 리프팅 에센셜 베이스 핑크 + 맥 스트롭크림,클리오 킬커버 리퀴드 컨실러 002 란제리,베네피트 (benefit) 헬로 플로리스 [SPF15] 아이보리,조르지오아르마니 디자이너 리프트 파운데이션 [SPF20/PA+++] #2 핑크 베이스,한율 커버 파운데이션 [SPF15/PA+] 21C 화사한 아이보리,베네피트 (benefit) 헬로 플로리스 [SPF15] 아이보리,미샤 워터프루프 드로잉 아이 펜슬 프렌치코스트,슈에무라 하드 포뮬라 씰 브라운,,,,,,,
놀이공원 야간개장 메이크업! l 이사배(Risabae Makeup),https://youtu.be/XZ5LjYcP89A,19:14,153493,2016. 4. 1.,https://img.youtube.com/vi/XZ5LjYcP89A/0.jpg,조르지오아르마니 디자이너 리프트 파운데이션 [SPF20/PA+++] #2 핑크 베이스,맥 컨실러 195 브러쉬], 바닐라코 프라임 프라이머 피니쉬 블러 팩트 BLENDING,미샤 컬러빔 쉐이더 BR02, 맥 프로롱웨어 페인트팟 레잉로우,클리오 (CLIO) 아트 섀도우 듀오 004 오렌지, 웨이크메이크 이지펜 아이라이너 ,슈에무라 하드 포뮬라 씰 브라운,미샤 더 스타일 뷰티풀 틴트 촉촉 오렌지, 스킨푸드 비타 컬러 워터리루즈 자몽자몽,에스쁘아 페이스 프라임 롱웨어 픽스 미스트 120ml,,,,
봄맞이 레드오렌지 데일리메이크업l 이사배(Risabae Makeup),https://youtu.be/cxzB1NMpTbQ,13:51,255203,2016. 3. 4.,https://img.youtube.com/vi/cxzB1NMpTbQ/0.jpg,조르지오아르마니 디자이너 리프트 파운데이션 [SPF20/PA+++] #2 핑크 베이스,맥 (MAC) 프로 롱웨어 컨실러 NC20,"아리따움 리얼 앰플 브라이트너 1호 핑크 베이지
2호 스킨 베이지",클리오 (CLIO) 아트 블러셔 오렌지피치,헤라 (HERA) 섀도 듀오 9호 쉬폰 오렌지, 더페이스샵 샌드브라운,웨이크메이크 (WAKEMAKE) 디파이닝 젤퀴드 라이너 03 월넛,슈에무라 하드 포뮬라 아콘,,,,,,,
사진빨 잘받는 메이크업! l 이사배(Risabae Makeup),https://youtu.be/VidaeMh8Tnk,19:30,1118963,2016. 2. 25.,https://img.youtube.com/vi/VidaeMh8Tnk/0.jpg,맥 (MAC) 스트롭 크림 핑크라이트(오리지널) 핑크라이트(오리지널), VDL 퍼팩팅 레스트 파운데이션 A03※사배님의 바디톤과 흡사한 색※사배님은 바디톤보다 얼굴톤이 밝으십니다※맥 19,"아리따움 리얼 앰플 브라이트너 1호 핑크 베이지
2호 스킨 베이지", 맥 페인트팟 레잉로우 (눈두덩이음영,,,,,,,,,,,
세미 서양인 데일리메이크업! l 이사배(Risabae Makeup),https://youtu.be/ZZAsJTPx06U,17:03,739869,2016. 2. 18.,https://img.youtube.com/vi/ZZAsJTPx06U/0.jpg, 맥 프로롱웨어 컨실러 NC20 (눈주변,슈에무라 하드포뮬러 실브라운※남은 컨실러를 (맥 프로롱웨어 컨실러 NC20, 에뛰드 하우스 오토립라이너(브라운,스킨푸드 생과일 립 앤 치크 세가지맛 자두,베네피트 (benefit) 헬로 플로리스 [SPF15] 아이보리, 베네피트 하이브로우 글로우※하이라이터로 사용,,,,,,,,,
바쁘다 바뻐! 10분! 퀵 데일리 메이크업!l 이사배(Risabae Makeup),https://youtu.be/iJXtxT1iUXI,9:53,958403,2016. 1. 27.,https://img.youtube.com/vi/iJXtxT1iUXI/0.jpg, 프로에잇청담 젤 아이라이너 브라운,맥 (MAC) 프로 롱웨어 컨실러 NC20,베네피트 (benefit) 헬로 플로리스 [SPF15] 아이보리,베네피트 (benefit) 헬로 플로리스 [SPF15] 아이보리,"아리따움 리얼 앰플 브라이트너 1호 핑크 베이지
2호 스킨 베이지",,,,,,,,,,
루비우! 데일리 메이크업~ l 이사배(Risabae Makeup),https://youtu.be/nkXbngAQy-c,19:57,383858,2016. 1. 25.,https://img.youtube.com/vi/nkXbngAQy-c/0.jpg, 맥 컨실러 팬,슈에무라 하드 포뮬라 씰 브라운,에뛰드하우스 청순 거짓 브라우 카라 1호 리치 브라운, 맥 컨실러 팬, 맥 메이크 유어 마인※하이라이터 팬슬(베네피트 하이라이터 브로우,,,,,,,,,,
주목! 받는 새내기 메이크업!! l 이사배(Risabae Makeup),https://youtu.be/-XBfPAXdDU4,20:00,522660,2016. 1. 21.,https://img.youtube.com/vi/-XBfPAXdDU4/0.jpg,번 블랙브라운,,,,,,,,,,,,,,
레드브라운 스모키 메이크업! l 이사배(Risabae Makeup),https://youtu.be/0CYcHwSaXCQ,34:20:00,299377,2016. 1. 15.,https://img.youtube.com/vi/0CYcHwSaXCQ/0.jpg,한율 커버 파운데이션 [SPF15/PA+] 21C 화사한 아이보리, 맥 프로롱웨어 컨실러 NC20(얼굴중앙~, 맥 컨실러 팬슬 NC15/NW20,슈에무라 하드 포뮬라 아콘,,,,,,,,,,,
보호본능을 자극하는... 청순 데일리 메이크업!! l 이사배(Risabae Makeup),https://youtu.be/7xnfmsg_zfo,29:06:00,1421610,2016. 1. 8.,https://img.youtube.com/vi/7xnfmsg_zfo/0.jpg,맥 (MAC) 스트롭 크림 실버라이트 ,닥터자르트 BB 터치업 브러쉬 , 맥 컨실러팬슬 NC20,스킨푸드 생과일 립 앤 치크 세가지맛 무화과, 맥 컨실러팬슬 nc15/nw20, 에뛰드하우스 오토 립라이너 소프트로즈 (언더,슈에무라 하드 포뮬라 씰 브라운,스킨푸드 생과일 립 앤 치크 세가지맛 무화과,,,,,,,
연말 파티 메이크업! l 이사배(Risabae Makeup),https://youtu.be/cCaZhljLJX0,40:18:00,215174,2015. 12. 28.,https://img.youtube.com/vi/cCaZhljLJX0/0.jpg, 에스쁘아 페이스 프라임 모이스트 피니쉬,"아리따움 리얼 앰플 브라이트너 1호 핑크 베이지
2호 스킨 베이지", 베네피트 하이브로우 글로우, 베네피트 헬로플로리스 샴페인◆피카소 10,토니모리 (TONYMORY) 크리스탈 티어글리터 아이라이너 1호 화이트, 슈에무라 하드포뮬라 씰브라운,,,,,,,,,
[Eng] 요청 많았던 인스타 데일리 메이크업 2가지 l 이사배(RISABAE Makeup),https://youtu.be/ngqPKrNZcvg,15:02,1393123,2017. 12. 1.,https://img.youtube.com/vi/ngqPKrNZcvg/0.jpg,PRO TAILOR FOUNDATION PETAL Y(꾸셀브러쉬/클리오수분라텍스,프로롱웨어 워터프루프 브로우 셋 브라운에보,인지니어스 크림&파우더 아이즈 0,바비 브라운 롱웨어 젤 아이라이너 에스프레소 잉크(브라운톤이 가미된 블랙),인지니어스 크림&파우더 아이즈 0,,,,,,,,,,
화려하고싶은 연말 메이크업 Holiday Makeup l 이사배(RISABAE Makeup),https://youtu.be/rf6lN3tBLlE,13:33,730310,2017. 12. 23.,https://img.youtube.com/vi/rf6lN3tBLlE/0.jpg, 한스킨 HANSKIN 수퍼라이트 터치 비비크림 super light touch BB cream,엘리자베스아덴 에잇아워 크림 프래그런스 프리 ,슈에무라 스테이지 퍼포머 프레쉬 틴트 올인원 하이드레이팅 유브이 쿠션 [SPF38/PA+++] 샌드,한스킨 블레미쉬 커버 브라이트,로라메르시에 시크릿 카뮤플라지 SC3(노랗거나 핑크 톤의 보통 피부톤), RMK 인 지니어스 크림&파우더 아이즈 02 베이지골드 ingenious cream&powder eyes 02 Beige Gold,VT (브이티코스메틱) 데일리 팔레트 02 핑크브리즈,바비 브라운 롱웨어 젤 아이라이너 에스프레소 잉크(브라운톤이 가미된 블랙),헤라 (HERA) 섀도 듀오 6호 메탈릭 브라운," 베네피트 Benefit 프리사이슬리 마이 브로우 펜슬 3 PRECISELY, MY BROW PENCIL 3",스틸라 스테이 올 데이 리퀴드 립스틱 Aria(아리아),VT (브이티코스메틱) 데일리 팔레트 02 핑크브리즈,,,
[Eng] 2018 바이올렛 메이크업 Violet Makeup Tutorial l 이사배(RISABAE Makeup),https://youtu.be/rWWndEK9NzM,15:50,361980,2018. 1. 25.,https://img.youtube.com/vi/rWWndEK9NzM/0.jpg,메이크업포에버 (MAKE UP FOR EVER) 울트라 HD 인비저블 커버 파운데이션 (UHD 파운데이션) Y255 Sand beige,메이크업포에버 (MAKE UP FOR EVER) 울트라 HD 프레스드 파우더 ,스틸라 매그니피센트 메탈 글리터 & 글로우 리퀴드 아이섀도우 원더러스트,메이크업포에버 (MAKE UP FOR EVER) 울트라 HD 인비저블 커버 파운데이션 (UHD 파운데이션) Y255 Sand beige,나스 (NARS) 래디언트 크리미 컨실러 크렘 뷜레,로라메르시에 시크릿 카뮤플라지 SC3(노랗거나 핑크 톤의 보통 피부톤),메이크업포에버 (MAKE UP FOR EVER) 울트라 HD 프레스드 파우더 ,캣본디 (KatVonD) 셰이드 + 라이트 페이스 컨투어 팔레트 ,캣본디 (KatVonD) 셰이드 + 라이트 페이스 컨투어 팔레트 ,메이크업포에버 (MAKE UP FOR EVER) 아티스트 컬러 섀도우 D-926 블루베리,스틸라 매그니피센트 메탈 글리터 & 글로우 리퀴드 아이섀도우 원더러스트,슈에무라 하드 포뮬라 씰 브라운, 로라메르시에 laura mercier 매트 래디언스 베이크드 파우더 하이라이트,맥 (MAC) 립텐시티 립스틱 헬레보레,
[당첨자 발표] 뭘 좋아할지 몰라서 다 이사배(RISABAE Makeup),https://youtu.be/6FeSLU6tBxg,20:14,97344,2019. 9. 28.,https://img.youtube.com/vi/6FeSLU6tBxg/0.jpg,더 퍼스트 이지 드로잉 젤 아이라이너 #블랙,디올 DIOR 디올스킨 미네랄 누드 글로우 #001 코랄키,,,,,,,,,,,,,
[Eng] 갈 때 꼭! 챙기는 필수템 (출장&여행) l 이사배(RISABAE Makeup),https://youtu.be/vR8NPTKi7t4,11:23,214005,2019. 4. 8.,https://img.youtube.com/vi/vR8NPTKi7t4/0.jpg, 포맨 프리미엄 오리지널 슈퍼매트 미니왁,,,,,,,,,,,,,,
2018 잘~썼다! 아이템 TOP 9 l 이사배(RISABAE Makeup),https://youtu.be/P0-gKMq48aI,13:41,1128502,2018. 12. 29.,https://img.youtube.com/vi/P0-gKMq48aI/0.jpg,슈에무라 루즈 언리미티드 슈프림 마뜨 M BG944 타르트베이지, 더마토리 하이포알러제닉 시카 레스큐 거즈 패드 10,루나 프로 포토 피니셔 - 블러파우더 , 웨이크메이크 스티커 브로우 1,베네피트 (benefit) 프리사이슬리 마이 브로우 펜슬 1 쿨 라이트 블론드, 바비브라운 크러쉬드 립칼라 카바나 3,,,,,,,,,
[Eng] 유용한 뷰티아이템 10가지 l 이사배(RISABAE Makeup),https://youtu.be/1hFaNvJqUnA,15:24,683937,2018. 7. 25.,https://img.youtube.com/vi/1hFaNvJqUnA/0.jpg,라로슈포제 세범 컨트롤 토닝 미스트 세로징크 150ml, 이레이저 어딕션 , 웨이크메이크 스티커 브로우 1,에스쁘아 벨벳드로잉 아이펜슬 텐더 원더(차분한 핑크베이지), 크리니크 치크 팝 01 진저 팝 3," 맥 버시컬러 스테인 포에버, 달링 8",,,,,,,,,
[Eng]궁금해하셨던! 네츄럴 웨이브 이사배(RISABAE Makeup),https://youtu.be/HALJEhZMcx4,11:29,655440,2018. 2. 15.,https://img.youtube.com/vi/HALJEhZMcx4/0.jpg, 맥 클리어 브로우 세트 투명 컬러# BGM,,,,,,,,,,,,,,
[Eng] 자기관리어떻게하세요? 나만의 셀프 케어아이템 소개! Self Care Items l 이사배(RISABAE Makeup),https://youtu.be/wjpcygWoOHo,13:26,446597,2018. 1. 8.,https://img.youtube.com/vi/wjpcygWoOHo/0.jpg,라로슈포제 시카플라스트 젤 ,,,,,,,,,,,,,,
[Eng] 요즘 매~일 바르는 립 My Favorite EVERYDAY Lip Colors l 이사배(RISABAE Makeup),https://youtu.be/hJ_3kXMV6Ig,7:57,972681,2017. 11. 12.,https://img.youtube.com/vi/hJ_3kXMV6Ig/0.jpg,배드스킨 립 서비스 트리트먼트 ,,,,,,,,,,,,,,
[이사배XEspoir] 내 얼굴에 젤 예쁜 컬러 찾기! 에스쁘아 페이스 코렉팅 & 립팔레트 전격분석~ l 이사배(Risabae Makeup),https://youtu.be/O1px_I5fTJg,19:37,527382,2017. 1. 10.,https://img.youtube.com/vi/O1px_I5fTJg/0.jpg,에스쁘아 코렉팅 페이스트 [SPF30/PA++] 1 그린,에스쁘아 코렉팅 페이스트 [SPF30/PA++] 4 옐로우,에스쁘아 컬러 마스터 립 팔레트 모디스트,,,,,,,,,,,,
10 Best Cosmetic Products of the Year 2016 잘~썼다! 아이템 BEST 10 l 이사배(Risabae Makeup),https://youtu.be/yfzp-FOgDRw,10:58,581440,2016. 12. 27.,https://img.youtube.com/vi/yfzp-FOgDRw/0.jpg, 에스쁘아 퍼펙트 오일 컨트롤 프레스드 파우더02, 맥 프로 롱웨어 페인트 팟 레잉로우04, 베네피트 하이브로우 글로우07,프로에잇청담 (PRO 8 CHEONGDAM) 리퀴드 디파인 라이너 블랙,토니모리 (TONYMORY) 립톤 겟잇 틴트 3호 플레이오렌지,에스쁘아 루드시크 립스틱 노웨어 M 크러쉬드,,,,,,,,,
Best Moisturizing products 겨울 꿀보습템 5가지 추천! l 이사배(Risabae Makeup),https://youtu.be/UOlPMeJn4Cs,11:58,386534,2016. 12. 23.,https://img.youtube.com/vi/UOlPMeJn4Cs/0.jpg,모아트 벨벳 립스틱 R1 샌드 로즈, 배드스킨 립 서비스 허니 밤 립 트리트먼트 1, 엘리자베스아덴 에잇아워 크림 스킨 프로텍턴트 오리지날 5,,,,,,,,,,,,
해외 코스메틱 5가지 리뷰~ l 이사배(Risabae Makeup),https://youtu.be/m-3ZshGO3Xs,7:36,186572,2016. 11. 2.,https://img.youtube.com/vi/m-3ZshGO3Xs/0.jpg, 라뒤레 페이스 컬러 로즈 꽃잎 블러셔 0,,,,,,,,,,,,,,
가을 립♡ 꿀~조합 추천!! l 이사배(Risabae Makeup),https://youtu.be/DK1M_1xtKKY,16:01,327003,2016. 9. 26.,https://img.youtube.com/vi/DK1M_1xtKKY/0.jpg,손앤박 투웨이 립 초크 브릭,웨이크메이크 (WAKEMAKE) 스키니 립 크레용 5호 라즈베리,웨이크메이크 (WAKEMAKE) 스키니 립 크레용 3호 탠저린,로레알파리 컬러리쉬 르 엑스트라 오디네어 벨벳라커 사마리텐 베이지,우드버리 퍼펙트 울트라 립펜슬 벨벳매트 슈가 로즈,로라메르시에 누드 립 글라세 베어 네이키드(베이지 샴페인),,,,,,,,,
리얼테크닉 브러쉬 리뷰 Real Techniques Brush Review l 이사배(Risabae Makeup),https://youtu.be/Qjgv9LNk7yw,17:23,313032,2016. 8. 15.,https://img.youtube.com/vi/Qjgv9LNk7yw/0.jpg,스틸라 퍼펙트 아이&치크 팔레트 미디움,,,,,,,,,,,,,,
저렴이블러셔 6개 추천+예쁘게 바르는 법l 이사배(Risabae Makeup),https://youtu.be/w--FzxCiZ3o,15:57,1160842,2016. 7. 8.,https://img.youtube.com/vi/w--FzxCiZ3o/0.jpg," 미샤 컬러빔 쉐이더 BR01 샌드브라운 (\7,800",클리오 (CLIO) 아트 블러셔 오렌지피치,베네피트 (benefit) 헬로 플로리스 [SPF15] 아이보리,,,,,,,,,,,,
저렴이 음영섀도우 10개 추천! l 이사배(Risabae Makeup),https://youtu.be/iDm7OoElKXs,11:52,964062,2016. 6. 24.,https://img.youtube.com/vi/iDm7OoElKXs/0.jpg,삐아 플러시 섀도우 05 골덴,,,,,,,,,,,,,,
기다렸다! 사배의 저렴이 브러쉬 특집! l 이사배(Risabae Makeup),https://youtu.be/txTik4DU4Mk,40:26:00,1906484,2015. 12. 17.,https://img.youtube.com/vi/txTik4DU4Mk/0.jpg,스킨푸드 아이라이너브러쉬(300,스킨푸드 아이라이너브러쉬(300,,,,,,,,,,,,,
이사배의~ 컨실러 특집! l 이사배(Risabae Makeup),https://youtu.be/laLtFmMBxKg,16:02,1680795,2015. 11. 18.,https://img.youtube.com/vi/laLtFmMBxKg/0.jpg,"아리따움 리얼 앰플 브라이트너 1호 핑크 베이지
2호 스킨 베이지",스킨푸드 생과일 립 앤 치크 세가지맛 무화과,한스킨 블레미쉬 커버 다크서클 살구,스킨푸드 연어 다크서클 컨실러 크림 1호 살몬 블루밍, 검푸른 다크서클톤다운핑크컬러(크리니크컨실러,바비 브라운 인텐시브 스킨 세럼 코렉터 라이트 피치,크리니크 (CLINIQUE) 라인 스무딩 컨실러 02 라이트,스킨푸드 연어 다크서클 컨실러 크림 2호 살몬 베이지,맥 (MAC) 프로 롱웨어 컨실러 NC20,시세이도 스포츠 커버 파운데이션 S100,"아리따움 리얼 앰플 브라이트너 1호 핑크 베이지
2호 스킨 베이지",맥 (MAC) 프로 롱웨어 컨실러 NC20,한스킨 블레미쉬 커버 내츄럴,로라메르시에 시크릿 카뮤플라지 SC3(노랗거나 핑크 톤의 보통 피부톤),시세이도 스포츠 커버 파운데이션 S100
[Eng] 겟레디윗미+브이로그 Jeju Fan Meet Up GRWM + Vlog (Day 1) l 이사배(RISABAE Makeup),https://youtu.be/BLtYox0sweg,18:59,470076,2018. 3. 8.,https://img.youtube.com/vi/BLtYox0sweg/0.jpg,인지니어스크림&파우더 아이즈 02 베이지골,,,,,,,,,,,,,,
[Eng]겟레디윗미! 인터뷰 + 서재페 l 이사배(RISABAE Makeup),https://youtu.be/ndLpCGX7mjg,19:15,377732,2018. 5. 25.,https://img.youtube.com/vi/ndLpCGX7mjg/0.jpg,메이크업포에버 (MAKE UP FOR EVER) 울트라 HD 프레스드 파우더 ,인지니어스 크림&파우더 아이즈 0,,,,,,,,,,,,,
[Eng] 겟레디윗미! 청하메이크업하고 청하님 GRWM! ChungHa Cover Makeup Tutorial l 이사배(RISABAE Makeup),https://youtu.be/oRXuZeuXvdA,18:02,742166,2018. 5. 31.,https://img.youtube.com/vi/oRXuZeuXvdA/0.jpg,로라메르시에 시크릿 카뮤플라지 SC3(노랗거나 핑크 톤의 보통 피부톤),,,,,,,,,,,,,,
꿀팁 + 장난기 가득한 l 이사배(RISABAE Makeup),https://youtu.be/G2Tkohp4ZNs,9:26,1141528,2018. 6. 21.,https://img.youtube.com/vi/G2Tkohp4ZNs/0.jpg, Long Wear Brow Gel Cream Cinnamon Brown*원래 눈썹보다 좀 더 도톰하게 그렸어요베네피트 , Cheek pop/Blush pop 05 nude pop#립웨이크 메이크 ,,,,,,,,,,,,,
l 이사배(RISABAE Makeup),https://youtu.be/MjhCUHbDLVo,22:17,539361,2018. 11. 20.,https://img.youtube.com/vi/MjhCUHbDLVo/0.jpg,스킨 파라다이스 블루밍 쿠션 파운데이션 #소프트샌,메이크업포에버 (MAKE UP FOR EVER) 울트라 HD 프레스드 파우더 ,,,,,,,,,,,,,
[GRWM] 필카느낌 셀카잘나오는 l 이사배(RISABAE Makeup),https://youtu.be/y0zQgUWpzHk,14:22,318531,2019. 1. 4.,https://img.youtube.com/vi/y0zQgUWpzHk/0.jpg,엘리자베스아덴 Elizabeth Arden 에잇아워 크림 스킨 프로텍턴,스킨파라다이스 블루밍 쿠션 파운데이션 #소프트 샌,더 퍼스트 젤 아이라이너 #블랙,,,,,,,,,,,,
[Eng] 섬에서 준비하는 휴양지 메이크업 + l 이사배(RISABAE Makeup),https://youtu.be/tvgdRGGlKuo,23:32,270018,2019. 6. 1.,https://img.youtube.com/vi/tvgdRGGlKuo/0.jpg,크림&파우더 아이컬러 #네이키드 브론,,,,,,,,,,,,,,
[Eng] 3년 묵은 프로필 사진 + 촬영 l 이사배(RISABAE Makeup),https://youtu.be/qDPX61rykPk,13:59,316120,2019. 6. 19.,https://img.youtube.com/vi/qDPX61rykPk/0.jpg,메이크업포에버 (MAKE UP FOR EVER) UHD 컨실러 22 샌드 베이지,삐아 라스트 블러쉬 - 블러셔 03 피치블로썸,VT (브이티코스메틱) 데일리 팔레트 02 핑크브리즈,더 퍼스트 젤 아이라이너 #블랙,,,,,,,,,,,
[Eng]샤넬에서 메이크업까지 이사배(RISABAE Makeup),https://youtu.be/MN_7nmzyWUc,18:11,263538,2019. 6. 27.,https://img.youtube.com/vi/MN_7nmzyWUc/0.jpg,샤넬 르 루쥬 크레용 드 꿀뢰르 푸시아,a]#아이라이너샤넬 ,샤넬 르 볼륨 드 샤넬 느와르,,,,,,,,,,,,
[Eng] 저 출근했어요! 깔끔화사한 직장인 + Vlog l 이사배(RISABAE Makeup),https://youtu.be/cvuToA8FIks,19:36,585222,2019. 8. 19.,https://img.youtube.com/vi/cvuToA8FIks/0.jpg,정샘물 아티스트 컨투어 팔레트 ,,,,,,,,,,,,,,
[당첨자발표]내가 잠옷이 내추럴 빈티지 메이크업 + 촬영 l 이사배(RISABAE Makeup),https://youtu.be/zQF2gTHSbOU,15:55,220671,2019. 9. 21.,https://img.youtube.com/vi/zQF2gTHSbOU/0.jpg,메이크업포에버 (MAKE UP FOR EVER) 울트라 HD 프레스드 파우더 ,,,,,,,,,,,,,,
[당첨자 발표] 뭘 좋아할지 몰라서 다 이사배(RISABAE Makeup),https://youtu.be/6FeSLU6tBxg,20:14,97344,2019. 9. 28.,https://img.youtube.com/vi/6FeSLU6tBxg/0.jpg,더 퍼스트 이지 드로잉 젤 아이라이너 #블랙,디올 DIOR 디올스킨 미네랄 누드 글로우 #001 코랄키,,,,,,,,,,,,,
5일동안 메이크업으로 + VLOG,https://youtu.be/Lk9f4Nm8qCw,20:40,157797,2019. 10. 16.,https://img.youtube.com/vi/Lk9f4Nm8qCw/0.jpg,메이크업포에버 (MAKE UP FOR EVER) 울트라 HD 프레스드 파우더 , 맥 MAC 테크나콜 라이너 #그래프 블랙 Technakohl Liner #Graphblack#눈썹 , 디어 달리아 DEAR DAHLIA 립 파라다이스 에포트리스 매트 립스틱 #M101 베일,,,,,,,,,,,,
[Eng] 핑크 한 방울 메이크업(+언니네 쌀롱 제작발표회 VLOG) Mauve Pink Makeup Tutorial l 이사배(RISABAE Makeup),https://youtu.be/OpMMXbzgxx8,13:55,225462,2019. 11. 8.,https://img.youtube.com/vi/OpMMXbzgxx8/0.jpg,맥 190 / MAC 190]#컨실러,,,,,,,,,,,,,,
[이사배 뷰티카드] IBK x RISABAE Beauty Card 30' ver.,https://youtu.be/e6CK6MSYs_g,0:31,61046,2019. 7. 29.,https://img.youtube.com/vi/e6CK6MSYs_g/0.jpg," 이니스프리, 스킨푸드, 아리따움, 토니모리, 더 페이스샵, 미샤, 에뛰드하우스, 더샘, 네이쳐리퍼블릭, 잇츠스킨 외 (기타 뷰티샵",,,,,,,,,,,,,,
언니덕에 처음 가본 야경 보며 진심토크(?)와 같이 준비하고 먹고 즐겨요!ㅣ다람쥐생활,https://youtu.be/18yraDpyTj4,16:46,97806,2018. 8. 10.,https://img.youtube.com/vi/18yraDpyTj4/0.jpg,라네즈 아이브로우 쿠션-카라 투톤브라운,스틸라 스테이 올 데이 리퀴드 립스틱 Aria(아리아),,,,,,,,,,,,,
[primera/프리메라] 이사배 추천! 초민감피부 스킨케어 루틴 #이사배시카,https://youtu.be/0XmGgU6QT7c,0:31,2642607,2018. 6. 27.,https://img.youtube.com/vi/0XmGgU6QT7c/0.jpg,프리메라 리페어빈 시카 에센스 ,,,,,,,,,,,,,,
With 연간 TOP 10 화장품 추천! (품절주의) 막장 선물 뜯기 게임 | SSIN,https://youtu.be/_deodbbfCoE,18:23,841066,2017. 12. 21.,https://img.youtube.com/vi/_deodbbfCoE/0.jpg,슈에무라 스킨 퍼펙터 미스트 유자 ,입생로랑] 뚜쉬 에끌라 블러 프라이머 ,생블랑쉬] 바이탈 부스트 크림,문샷 마이크로 세팅핏 쿠션 [SPF50+/PA+++] 301호 허니,베네피트] 단델리온 트윙클 하이라이터 ,릴리바이레드] 스태리아이즈 나인투 나인 #12 월넛 브라운 ,샤넬 이니미터블 워터프루프 마스카라 블랙,에스쁘아 프로 테일러 파운데이션 비 실크 [SPF34/PA++] 페탈 P,삐아 라스트 블러쉬 - 쉐딩 07 아몬드 블로썸,헤라 (HERA) 섀도 듀오 6호 메탈릭 브라운,림멜] 스캔들아이즈 워터프루프 라이너 #05 누드,릴리바이레드] 스태리아이즈 나인 투 나인 #07 매트브라운 ,후다 뷰티] 아이섀도우 팔레트 #로즈 골드 에디션 ,시세이도] 더 메이크업 아이래쉬 컬러 | https,
(요청)다람쥐의 데일리 메이크업 feat.용사배언니 내레이션ㅣ다람쥐생활,https://youtu.be/SVpZ8sgUjGI,7:43,749638,2017. 12. 12.,https://img.youtube.com/vi/SVpZ8sgUjGI/0.jpg,모던레드 M RD 165#하이라이터루나 LUN,,,,,,,,,,,,,,
이사배 취업하다 ? 이사배의 깔끔 직장인 메이크업. 직장 메이크업,https://youtu.be/kH0HUDvLhzw,9:55,155957,2017. 11. 1.,https://img.youtube.com/vi/kH0HUDvLhzw/0.jpg,코드글로컬러 레스이즈모어 오일 컷 팩트 CODE GLOKOLOR less is more p,투쿨포스쿨 (too cool for school) 아트클래스 바이 로댕 콜렉터즈 01호,아이브로우더페이스샵 브로우마스터 아이브로우 키트 02 그레이 브라,슈에무라 하드포뮬라 # 05 스톤그레이 shu uemura Hard fomula # 05 stone gra,더페이스샵 디자이닝 브로우카라 05 다크브라운 thefaceshop desinging browcara 5 dark brow,더페이스샵 싱글 섀도우(매트) BR01 리얼진저,proof auto gel liner 릴리바이레드 스태리아이즈 슬림 아이라이너 02 매트브라운 lilybyred starry eyes slim 02 matte brow,"비욘드 싱글 아이섀도우 22 브라운킬러
스파클글리터 라인 - 01 스노우화이트",클리오 (CLIO) 매드 매트 립 11 돌체 로즈,,,,,,
이사배 카페알바로 변신? 시선강탈 알바 메이크업,https://youtu.be/QN9KzLPwy1o,8:47,141056,2017. 9. 4.,https://img.youtube.com/vi/QN9KzLPwy1o/0.jpg,더페이스샵 잉크래스팅 파운데이션 슬림핏 [SPF30/PA++] N201 애프리콧 베이지,클리오 킬커버 프로 아티스트 리퀴드 컨실러 02란제기,코드 글로컬러 레스이즈모어 오일 컷 팩트 CODE GLOKOR Less is more p,투쿨포스쿨 (too cool for school) 아트클래스 바이 로댕 콜렉터즈 01호,아이브로우 메이크업]더페이스샵 브로우마스터 아이브로우 키트 02 그레이 브라운 thefaceshop brow master eyebrow kit 02 gray brow,베네피트 (benefit) 구프 프루프 브로우 펜슬 3 미디움,비욘드 싱글 아이섀도우 21 브라운시티,프로에잇청담 스테이온 젤아이라이너 다크브라운 PRO 8 cheongdam stay on gel eyeliner dark brow,립메이크업]더페이스샵 매트업 틴트 04 메이플 오렌지 thefaceshop matte up tint 04 maple orange,,,,,,
[ENG] 매일할수있는 지속력짱 베이스 메이크업 -보통 피부 타입- l 이사배(Risabae Makeup),https://youtu.be/Yi6gbp1Lj5s,23:05,2829435,2017. 6. 16.,https://img.youtube.com/vi/Yi6gbp1Lj5s/0.jpg,바비 브라운 인텐시브 스킨 세럼 코렉터 피치, 스틸라 올인원 컬러 코렉팅 팔레트 그린# 파운데이션,로라메르시에 캔들 글로우 파운데이션 creme,클리오 킬커버 프로 아티스트 리퀴드 컨실러 03리넨,로라메르시에 시크릿 카뮤플라지 SC3(노랗거나 핑크 톤의 보통 피부톤),라로슈포제 세범 컨트롤 토닝 미스트 세로징크 150ml,바닐라코 프라임 프라이머 피니쉬 파우더 미니,투쿨포스쿨 아트클래스 바이로댕 누벨레퐁쥬 [SPF50+/PA+++] 1호 아이보리,,,,,,,
운영자 BJ사호님이 여신이 됐어여! l 이사배(Risabae Makeup),https://youtu.be/9pREb26BfRo,4:46,141538,2016. 1. 20.,https://img.youtube.com/vi/9pREb26BfRo/0.jpg,한스킨 블레미쉬 커버 내츄럴,로라메르시에 시크릿 카뮤플라지 SC3(노랗거나 핑크 톤의 보통 피부톤),"아리따움 리얼 앰플 브라이트너 1호 핑크 베이지
2호 스킨 베이지",슈에무라 하드 포뮬라 씰 브라운,스킨푸드 생과일 립 앤 치크 세가지맛 무화과,어퓨 파스텔 블러셔 CR02,,,,,,,,,
[이사배X뉴트로지나] 마이 클렌징 스토리 [Eng/Spn] My Cleansing Story l 이사배(Risabae Makeup),https://youtu.be/V2Hmp8HLjqs,7:57,136463,2017. 5. 18.,https://img.youtube.com/vi/V2Hmp8HLjqs/0.jpg,제가 미리 오랜기간 사용 후 저의 필수 클렌저가 된뉴트로지나 하이드로 쿠션 클렌저와 미셀라 너리싱 워터의사용방법과 클렌징 팁들도 가져가주시고 영상 재미있게 봐주세요항상 제작팀,,,,,,,,,,,,,,
애나벨 메이크업 Annabelle Makeup Tutorial l 이사배(Risabae Makeup),https://youtu.be/_je97PWLoBQ,11:52,845684,2017. 8. 25.,https://img.youtube.com/vi/_je97PWLoBQ/0.jpg,로라메르시에 시크릿 카뮤플라지 SC3(노랗거나 핑크 톤의 보통 피부톤),블랙&브라운 메이크업 콤비 펜,,,,,,,,,,,,,
[Eng/Thai] 아이유 팔레트 MV 메이크업 IU Palette MV Makeup Tutorial l 이사배(Risabae Makeup),https://youtu.be/opNDByvieZ0,13:23,2690997,2017. 4. 25.,https://img.youtube.com/vi/opNDByvieZ0/0.jpg,초코 아이브로우 파우더 케익 02 그레이브라,,,,,,,,,,,,,,
[Eng/Thai] 하얀 여우상 데일리 메이크업 White Fox Image Makeup Tutorial l 이사배(Risabae Makeup),https://youtu.be/uZdobJ6hYTY,13:12,594073,2017. 3. 28.,https://img.youtube.com/vi/uZdobJ6hYTY/0.jpg,로라메르시에 시크릿 카뮤플라지 SC3(노랗거나 핑크 톤의 보통 피부톤),메이크업포에버 (MAKE UP FOR EVER) 울트라 HD 프레스드 파우더 ,네이처리퍼블릭 보테니컬 케익 아이브로우 1호 카키그레이,,,,,,,,,,,,
[Eng/Thai] 디즈니 모아나 메이크업 Disney “Moana” Makeup Tutorial l 이사배 (Risabae Makeup),https://youtu.be/pTjEh_vIg6w,11:08,838959,2017. 2. 14.,https://img.youtube.com/vi/pTjEh_vIg6w/0.jpg,키스미 KISSME 히로인 메이크 스무스 리퀴드 라이너 브라,,,,,,,,,,,,,,
Dragged Face Art Makeup Tutorial 드래그 아트 메이크업 l 이사배(Risabae Makeup),https://youtu.be/TU-yt2aZ_v8,5:49,1080882,2016. 11. 15.,https://img.youtube.com/vi/TU-yt2aZ_v8/0.jpg,삐아 라스트 펜 아이라이너 초코 브라운,,,,,,,,,,,,,,
트와이스 TT 쯔위 메이크업 Twice TZUYU TT M/V Makeup Tutorial l 이사배(Risabae Makeup),https://youtu.be/7xlV6HJi860,10:54,513810,2016. 11. 8.,https://img.youtube.com/vi/7xlV6HJi860/0.jpg,로라메르시에 시크릿 카뮤플라지 SC3(노랗거나 핑크 톤의 보통 피부톤),조르지오아르마니 디자이너 리프트 파운데이션 [SPF20/PA+++] #2 핑크 베이스,닥터자르트 더메이크업 비비 메이트 컨투어 - 쉐이딩(브론징) ,바닐라코 프라임 프라이머 피니쉬 블러 팩트 BLENDING,삐아 플러시 섀도우 05 골덴,슈에무라 하드 포뮬라 씰 브라운,베네피트 (benefit) 김미 브로우 3 미디움,,,,,,,,
크레이지아케이드 X 이사배 콜라보레이션! 배찌 메이크업l 이사배(Risabae Makeup),https://youtu.be/oiWm4HRjy6c,6:29,411486,2016. 10. 21.,https://img.youtube.com/vi/oiWm4HRjy6c/0.jpg, 클리오란 아쿠아컬러 브라운 + 블랙 (테두리,,,,,,,,,,,,,,
나나 하이컷 화보 메이크업 l 이사배(Risabae Makeup),https://youtu.be/hh87sMA5fU0,14:50,314563,2016. 10. 12.,https://img.youtube.com/vi/hh87sMA5fU0/0.jpg,로라메르시에 시크릿 카뮤플라지 SC3(노랗거나 핑크 톤의 보통 피부톤),조르지오아르마니 디자이너 리프트 파운데이션 [SPF20/PA+++] #2 핑크 베이스,맥 (MAC) 스튜디오 컨실러 앤 코렉트 팔레트 미디엄, 로라메르시에 미네랄 피니싱 파우더# 섀도우,슈에무라 하드 포뮬라 씰 브라운,이글립스 내추럴 아이브로우 카라 레드 브라운,,,,,,,,,
Lip☆Art Make up 립☆아트 메이크업 l 이사배(Risabae Makeup),https://youtu.be/qvtxWK7edTo,3:16,194218,2016. 10. 5.,https://img.youtube.com/vi/qvtxWK7edTo/0.jpg,맥 (MAC) 립텐시티 립스틱 ,맥 (MAC) 클리어 립글라스 ,맥 (MAC) 립텐시티 립스틱 검볼,,,,,,,,,,,,
레드벨벳 아이린 러시안룰렛 티저메이크업!l 이사배(Risabae Makeup),https://youtu.be/-ITe6z7AqXY,15:46,336369,2016. 9. 28.,https://img.youtube.com/vi/-ITe6z7AqXY/0.jpg,맥 (MAC) 프로 롱웨어 컨실러 NC20, 로라메르시에 미네랄 피니싱 파우더 , 스킨푸드 하이라이터 와플,페리페라 (peripera) 페리스 잉크 더 벨벳 8청순포텐,,,,,,,,,,,
Eraser Art Makeup Tutorial 쓱 지우개 아트 메이크업 l 이사배(Risabae Makeup),https://youtu.be/908dWXp0n9c,3:42,414356,2016. 9. 5.,https://img.youtube.com/vi/908dWXp0n9c/0.jpg,바닐라코 프라임 프라이머 피니쉬 파우더 미니,스틸라 스테이 올 데이 리퀴드 립스틱 Chianti(키안티),,,,,,,,,,,,,
K-pop idol Suzy makeup 수지 화보 메이크업 싱크로율은? l 이사배(Risabae Makeup),https://youtu.be/4RnJVdE6Wxg,14:54,1137834,2016. 8. 23.,https://img.youtube.com/vi/4RnJVdE6Wxg/0.jpg,조르지오아르마니 디자이너 리프트 파운데이션 [SPF20/PA+++] #2 핑크 베이스, 스킨푸드 와플 하이라이터,로라메르시에 시크릿 카뮤플라지 SC3(노랗거나 핑크 톤의 보통 피부톤),바닐라코 프라임 프라이머 피니쉬 블러 팩트 BLENDING,삐아 쥬얼 섀도우 01 꿀젬, 클리오 젤프레소 워터프루프 펜슬 젤라이너 블랙, 프로에잇청담 젤아이라이너 브라운, 슈에무라 하드포뮬라 씰브라운,,,,,,,
원더걸스 선미 메이크업 WonderGirls Sunmi Why so lonely makeup l 이사배(Risabae Makeup),https://youtu.be/WYNt6Ybpa8s,13:44,1245284,2016. 8. 1.,https://img.youtube.com/vi/WYNt6Ybpa8s/0.jpg,조르지오아르마니 디자이너 리프트 파운데이션 [SPF20/PA+++] #2 핑크 베이스,맥 (MAC) 프로 롱웨어 컨실러 NC20,로라메르시에 시크릿 카뮤플라지 SC3(노랗거나 핑크 톤의 보통 피부톤), 에스쁘아 퍼펙트 오일 컨트롤 프레스드 파우더,지방시 옹브르 꾸뛰르 크림 아이섀도우 Beige Mousseline, 베네피트 하이브로우 글로우 (애교살, 바닐라코 쿠션 젤 아이라이너 브라운,웨이크메이크 (WAKEMAKE) 철벽 아이라이너 브러쉬 : 01 브러쉬 블랙,슈에무라 하드 포뮬라 씰 브라운,,,,,,
웹툰 치인트 홍설 분장메이크업 !l 이사배(Risabae Makeup),https://youtu.be/PUiV95734S4,4:36,470818,2016. 6. 28.,https://img.youtube.com/vi/PUiV95734S4/0.jpg,한율 커버 파운데이션 [SPF15/PA+] 23N 차분한 베이지, 베네피트 헬로플로리스 팩트 샴페인,스틸라 스테이 올 데이 리퀴드 아이라이너 틸,,,,,,,,,,,,
영화 '아가씨' 김민희 메이크업! l 이사배(Risabae Makeup),https://youtu.be/CZ9qlm2Jr2Q,13:23,855987,2016. 6. 20.,https://img.youtube.com/vi/CZ9qlm2Jr2Q/0.jpg, 맥 프로롱웨어 컨실러 NC20, 베네피트 하이브로우, 에스쁘아 퍼펙트오일 컨트롤파우더,베네피트 (benefit) 헬로 플로리스 [SPF15] 아이보리,스틸라 퍼펙트 아이&치크 팔레트 페어,바닐라코 아이 러브 브로우 케익 골든브라운, 에뛰드하우스 청순거짓브로우픽서, 에보니펜슬, 슈에무라 하드포뮬라 씰브라운,,,,,,
'애봉이' 웹툰 마음의소리 분장 l 이사배(Risabae Makeup),https://youtu.be/vvfgxV8G1_w,3:33,579429,2016. 6. 14.,https://img.youtube.com/vi/vvfgxV8G1_w/0.jpg,한율 커버 파운데이션 [SPF15/PA+] 23N 차분한 베이지,시세이도 스포츠 커버 파운데이션 S100,바닐라코 프라임 프라이머 피니쉬 파우더 미니, 베네피트 헬로플로리스 샴페인,,,,,,,,,,,
ioi 김청하 메이크업 l 이사배(Risabae Makeup),https://youtu.be/G-dgytdgv3U,15:09,274671,2016. 6. 3.,https://img.youtube.com/vi/G-dgytdgv3U/0.jpg, VDL 퍼펙트래스팅 파운데이션 A03 (에스쁘아 스키니픽스 블렌더,클리오 킬 커버 에어리핏 컨실러 #2 란제리,베네피트 (benefit) 헬로 플로리스 [SPF15] 아이보리, 에스쁘아 퍼펙트 오일 컨트롤 프레스드 파우더,아리따움 샤인픽스 아이즈 2. 핑크 오이스터,케이트 (KATE) 3D 아이브로우 컬러 BR-1,,,,,,,,,
픽셀 / 모자이크 분장 (Pixel face makeup tutorial)l 이사배(Risabae Makeup),https://youtu.be/21aipW0Otys,3:58,333219,2016. 5. 17.,https://img.youtube.com/vi/21aipW0Otys/0.jpg,로라메르시에 시크릿 컨실러 3(다크서클 커버, 나스 소프트 벨벳 루스 루즈파우더 플레쉬,,,,,,,,,,,,,
I.O.I 정채연 메이크업 Jeong Chaeyeon make up! l 이사배(Risabae Makeup),https://youtu.be/ON2RIwPiGDo,11:57,429295,2016. 5. 16.,https://img.youtube.com/vi/ON2RIwPiGDo/0.jpg,슈에무라 마스터 파운데이션 784,한율 커버 파운데이션 [SPF15/PA+] 23N 차분한 베이지,클리오 킬 커버 에어리핏 컨실러 #2 란제리, 에스쁘아 퍼펙트 오일 컨트롤 프레스드 파우더,베네피트 (benefit) 헬로 플로리스 [SPF15] 아이보리, 프로에이청담 젤아이라이너 브라운,슈에무라 하드 포뮬라 아콘, 아리따움 컬러래스팅틴트 푸시아로얄,,,,,,,
TWICE Cheer Up 사나 메이크업 샤샤샤~ l 이사배(Risabae Makeup),https://youtu.be/QNxMmcpc3iY,12:18,312392,2016. 5. 12.,https://img.youtube.com/vi/QNxMmcpc3iY/0.jpg,슈에무라 마스터 파운데이션 784, 클리오 킬커버 란제리(눈밑,로라메르시에 시크릿 카뮤플라지 SC3(노랗거나 핑크 톤의 보통 피부톤),바닐라코 프라임 프라이머 피니쉬 블러 팩트 BLENDING, 루나솔 캣츠아이(바닐라컬러,에뛰드하우스 반짝 눈물라이너 2호 그윽한 눈물,슈에무라 하드 포뮬라 아콘,맥 (MAC) 비바 글램 립스틱 비바글램1,,,,,,,
장나라 메이크업 한번더 헤퓌엔딩 l 이사배(Risabae Makeup),https://youtu.be/fCJQp9Av8P0,17:57,324071,2016. 5. 5.,https://img.youtube.com/vi/fCJQp9Av8P0/0.jpg,※복숭아느낌의 피부표현※조르지오 파운데이션은 기존라인보다 좀더 촉촉한 라인※눈이 크신분들의 다크함이 있는부분이있어눈주변의 파운데이션은 피했습니다,베네피트 (benefit) 헬로 플로리스 [SPF15] 아이보리,슈에무라 하드 포뮬라 아콘,,,,,,,,,,,,
아이린 메이크업 Be Natural~ l 이사배(Risabae Makeup),https://youtu.be/RW9GGHY_SMQ,16:12,611200,2016. 5. 6.,https://img.youtube.com/vi/RW9GGHY_SMQ/0.jpg, 맥 NC 20 프로롱웨어 컨실러※피카소 19, 맥 컨실러팬슬 NC15/NW20(잡티커버,베네피트 (benefit) 헬로 플로리스 [SPF15] 아이보리,아리따움 샤인픽스 아이즈 2. 핑크 오이스터,슈에무라 하드 포뮬라 씰 브라운, 미샤 컬러빔 블러셔 핑크크루, 맥 런웨이히트(레트로매트타입,,,,,,,,
Asian Girl Tattoo Makeup/ 타투 아트메이크업 l 이사배(Risabae Makeup),https://youtu.be/vp-y_M911AI,6:53,408190,2016. 5. 4.,https://img.youtube.com/vi/vp-y_M911AI/0.jpg,맥 (MAC) 프로 롱웨어 컨실러 NC20,바닐라코 프라임 프라이머 피니쉬 파우더 미니,,,,,,,,,,,,,
이하늬 SNL 레드카펫 메이크업 l 이사배(Risabae Makeup),https://youtu.be/Hfuf6-40F0A,15:20,331472,2016. 5. 3.,https://img.youtube.com/vi/Hfuf6-40F0A/0.jpg,조르지오아르마니 디자이너 리프트 파운데이션 [SPF20/PA+++] #2 핑크 베이스,클리오 킬커버 리퀴드 컨실러 002 란제리, 미쯔요시 그리스페인트 2,베네피트 (benefit) 헬로 플로리스 [SPF15] 아이보리,베네피트 (benefit) 단델리온 7g,삐아 라스트 오토 젤 아이라이너 20재즈, 슈에무라 하드포뮬라 씰브라운, 에보니펜슬,,,,,,,
설리 인스타일 화보 메이크업l 이사배(Risabae Makeup),https://youtu.be/KGsFYS7fLu8,14:57,698641,2016. 4. 26.,https://img.youtube.com/vi/KGsFYS7fLu8/0.jpg, 에스쁘아 누드핏 아이보리퓨어,한율 커버 파운데이션 [SPF15/PA+] 23N 차분한 베이지,클리오 킬커버 리퀴드 컨실러 002 란제리,로라메르시에 시크릿 카뮤플라지 SC3(노랗거나 핑크 톤의 보통 피부톤), 토니모리 컨투어 듀오 내츄럴브라운,캔메이크 (CANMAKE) 글로우 플로어 치크 02 애프리콧 플라워, 베네피트 하이브로우글로우, 프로에잇청담 젤아이라이너 브라운, 슈에무라 하드포뮬라 아콘, 에보니펜슬,,,,,
헌츠맨 이블퀸 메이크업 huntsman: winter's war Evil Queen makeup l 이사배(Risabae Makeup),https://youtu.be/wAaJE-PfyW4,13:57,99902,2016. 4. 12.,https://img.youtube.com/vi/wAaJE-PfyW4/0.jpg,클리오 킬커버 리퀴드 컨실러 002 란제리, 바닐라코 프라임 프라이머 블러팩트 BLENDING,입생로랑 꾸뛰르 팔레트 5-칼라 레디-투-웨어 5, 슈에무라 하드포뮬라 씰브라운,,,,,,,,,,,
헌츠맨 아이스퀸 분장메이크업 The Huntsman: Winter's War ICEQUEEN makeup l 이사배(Risabae Makeup),https://youtu.be/XqaWtbCx-pE,13:00,105821,2016. 4. 8.,https://img.youtube.com/vi/XqaWtbCx-pE/0.jpg,슈에무라 마스터 파운데이션 774,클리오 킬커버 리퀴드 컨실러 002 란제리,바닐라코 프라임 프라이머 피니쉬 블러 팩트 BLENDING, 맥 페인트팟 레잉로우, 에보니 펜슬, 맥 피치스톡+컨실러+맥 라일락+맥 벨벳,,,,,,,,,
홍진영 엄지척 메이크업 l 이사배(Risabae Makeup),https://youtu.be/DkEVDv_jCpM,15:47,181671,2016. 4. 4.,https://img.youtube.com/vi/DkEVDv_jCpM/0.jpg,한율 커버 파운데이션 [SPF15/PA+] 23N 차분한 베이지,베네피트 (benefit) 헬로 플로리스 [SPF15] 아이보리, 미샤 컬러빔 블러셔 RD01 애플칙,클리오 (CLIO) 아트 섀도우 듀오 004 오렌지,아멜리 스텝베이직 아이섀도우 오렌지골드 094, 맥 컨실러펜,슈에무라 하드 포뮬라 아콘,미샤 시그너처 듀이 루즈 허니애플,베네피트 (benefit) 차차밤 ,,,,,,
이하이 손잡아줘요 메이크업 LEEHI make up l 이사배(Risabae Makeup),https://youtu.be/7dxDkY_41WQ,15:27,139544,2016. 3. 22.,https://img.youtube.com/vi/7dxDkY_41WQ/0.jpg,맥 (MAC) 스트롭 크림 핑크라이트(오리지널) 핑크라이트(오리지널),조르지오아르마니 디자이너 리프트 파운데이션 [SPF20/PA+++] #2 핑크 베이스,맥 (MAC) 프로 롱웨어 컨실러 NC20,베네피트 (benefit) 헬로 플로리스 [SPF15] 아이보리, 미샤 드로잉 아이펜슬 베리 헤븐,웨이크메이크 (WAKEMAKE) 이지브러쉬아이라이너 브라운,맥 (MAC) 벨룩스 브로우 라이너 스트로베리 블론드,미샤 컬러빔 블러셔 라벤더 폴렌,,,,,,,
소희 화보 메이크업! Sohee makeup l 이사배(Risabae Makeup),https://youtu.be/mSHhc6xbtxY,19:32,116445,2016. 3. 14.,https://img.youtube.com/vi/mSHhc6xbtxY/0.jpg,맥 (MAC) 스트롭 크림 핑크라이트(오리지널) 핑크라이트(오리지널),조르지오아르마니 디자이너 리프트 파운데이션 [SPF20/PA+++] #2 핑크 베이스,맥 (MAC) 프로 롱웨어 컨실러 NC20, 베네피트 하이브로우글로우, 맥 페인트팟 레잉로우, 웨이크메이크 붓펜 아이라이너 브라운(모내기, 웨이크메이크 붓펜 아이라이너 브라운(결,,,,,,,,
